zip,borough,neighborhood
10458,Bronx,Bronx Park and Fordham
10467,Bronx,Bronx Park and Fordham
10468,Bronx,Bronx Park and Fordham
10453,Bronx,Central Bronx
10457,Bronx,Central Bronx
10460,Bronx,Central Bronx
10451,Bronx,High Bridge and Morrisania
10452,Bronx,High Bridge and Morrisania
10456,Bronx,High Bridge and Morrisania
10454,Bronx,Hunts Point and Mott Haven
10455,Bronx,Hunts Point and Mott Haven
10459,Bronx,Hunts Point and Mott Haven
10474,Bronx,Hunts Point and Mott Haven
10463,Bronx,Kingsbridge and Riverdale
10471,Bronx,Kingsbridge and Riverdale
10466,Bronx,Northeast Bronx
10469,Bronx,Northeast Bronx
10470,Bronx,Northeast Bronx
10475,Bronx,Northeast Bronx
10461,Bronx,Southeast Bronx
10462,Bronx,Southeast Bronx
10464,Bronx,Southeast Bronx
10465,Bronx,Southeast Bronx
10472,Bronx,Southeast Bronx
10473,Bronx,Southeast Bronx
11204,Brooklyn,Borough Park
11218,Brooklyn,Borough Park
11219,Brooklyn,Borough Park
11230,Brooklyn,Borough Park
11206,Brooklyn,Bushwick and Williamsburg
11221,Brooklyn,Bushwick and Williamsburg
11237,Brooklyn,Bushwick and Williamsburg
11234,Brooklyn,Canarsie and Flatlands
11236,Brooklyn,Canarsie and Flatlands
11239,Brooklyn,Canarsie and Flatlands
11212,Brooklyn,Central Brooklyn
11213,Brooklyn,Central Brooklyn
11216,Brooklyn,Central Brooklyn
11233,Brooklyn,Central Brooklyn
11238,Brooklyn,Central Brooklyn
11207,Brooklyn,East New York and New Lots
11208,Brooklyn,East New York and New Lots
11203,Brooklyn,Flatbush
11210,Brooklyn,Flatbush
11225,Brooklyn,Flatbush
11226,Brooklyn,Flatbush
11211,Brooklyn,Greenpoint
11222,Brooklyn,Greenpoint
11201,Brooklyn,Northwest Brooklyn
11205,Brooklyn,Northwest Brooklyn
11215,Brooklyn,Northwest Brooklyn
11217,Brooklyn,Northwest Brooklyn
11231,Brooklyn,Northwest Brooklyn
11223,Brooklyn,Southern Brooklyn
11224,Brooklyn,Southern Brooklyn
11229,Brooklyn,Southern Brooklyn
11235,Brooklyn,Southern Brooklyn
11209,Brooklyn,Southwest Brooklyn
11214,Brooklyn,Southwest Brooklyn
11228,Brooklyn,Southwest Brooklyn
11220,Brooklyn,Sunset Park
11232,Brooklyn,Sunset Park
10026,Manhattan,Central Harlem
10027,Manhattan,Central Harlem
10030,Manhattan,Central Harlem
10037,Manhattan,Central Harlem
10039,Manhattan,Central Harlem
10001,Manhattan,Chelsea and Clinton
10011,Manhattan,Chelsea and Clinton
10018,Manhattan,Chelsea and Clinton
10019,Manhattan,Chelsea and Clinton
10020,Manhattan,Chelsea and Clinton
10036,Manhattan,Chelsea and Clinton
10103,Manhattan,Chelsea and Clinton
10110,Manhattan,Chelsea and Clinton
10199,Manhattan,Chelsea and Clinton
10029,Manhattan,East Harlem
10035,Manhattan,East Harlem
10010,Manhattan,Gramercy Park and Murray Hill
10016,Manhattan,Gramercy Park and Murray Hill
10017,Manhattan,Gramercy Park and Murray Hill
10022,Manhattan,Gramercy Park and Murray Hill
10167,Manhattan,Gramercy Park and Murray Hill
10168,Manhattan,Gramercy Park and Murray Hill
10173,Manhattan,Gramercy Park and Murray Hill
10012,Manhattan,Greenwich Village and Soho
10013,Manhattan,Greenwich Village and Soho
10014,Manhattan,Greenwich Village and Soho
10031,Manhattan,Inwood and Washington Heights
10032,Manhattan,Inwood and Washington Heights
10033,Manhattan,Inwood and Washington Heights
10034,Manhattan,Inwood and Washington Heights
10040,Manhattan,Inwood and Washington Heights
10002,Manhattan,Lower East Side
10003,Manhattan,Lower East Side
10009,Manhattan,Lower East Side
10004,Manhattan,Lower Manhattan
10005,Manhattan,Lower Manhattan
10006,Manhattan,Lower Manhattan
10007,Manhattan,Lower Manhattan
10038,Manhattan,Lower Manhattan
10278,Manhattan,Lower Manhattan
10280,Manhattan,Lower Manhattan
10115,Manhattan,Morningside Heights
10282,Manhattan,Tribeca
10021,Manhattan,Upper East Side
10028,Manhattan,Upper East Side
10044,Manhattan,Upper East Side
10065,Manhattan,Upper East Side
10075,Manhattan,Upper East Side
10128,Manhattan,Upper East Side
10023,Manhattan,Upper West Side
10024,Manhattan,Upper West Side
10025,Manhattan,Upper West Side
10069,Manhattan,West Side
07302,New Jersey,Jersey City
07302,New Jersey,Jersey City
07304,New Jersey,Jersey City
07305,New Jersey,Jersey City
07306,New Jersey,Jersey City
07306,New Jersey,Jersey City
07307,New Jersey,Jersey City
07310,New Jersey,Jersey City
11365,Queens,Central Queens
11366,Queens,Central Queens
11367,Queens,Central Queens
11412,Queens,Jamaica
11423,Queens,Jamaica
11432,Queens,Jamaica
11433,Queens,Jamaica
11434,Queens,Jamaica
11435,Queens,Jamaica
11436,Queens,Jamaica
11109,Queens,Long Island City
11354,Queens,North Queens
11355,Queens,North Queens
11356,Queens,North Queens
11357,Queens,North Queens
11358,Queens,North Queens
11360,Queens,North Queens
11361,Queens,Northeast Queens
11362,Queens,Northeast Queens
11363,Queens,Northeast Queens
11364,Queens,Northeast Queens
11101,Queens,Northwest Queens
11102,Queens,Northwest Queens
11103,Queens,Northwest Queens
11104,Queens,Northwest Queens
11105,Queens,Northwest Queens
11106,Queens,Northwest Queens
11691,Queens,Rockaways
11692,Queens,Rockaways
11693,Queens,Rockaways
11694,Queens,Rockaways
11697,Queens,Rockaways
11004,Queens,Southeast Queens
11411,Queens,Southeast Queens
11413,Queens,Southeast Queens
11422,Queens,Southeast Queens
11426,Queens,Southeast Queens
11427,Queens,Southeast Queens
11428,Queens,Southeast Queens
11429,Queens,Southeast Queens
11414,Queens,Southwest Queens
11415,Queens,Southwest Queens
11416,Queens,Southwest Queens
11417,Queens,Southwest Queens
11418,Queens,Southwest Queens
11419,Queens,Southwest Queens
11420,Queens,Southwest Queens
11421,Queens,Southwest Queens
11374,Queens,West Central Queens
11375,Queens,West Central Queens
11379,Queens,West Central Queens
11385,Queens,West Central Queens
11368,Queens,West Queens
11369,Queens,West Queens
11370,Queens,West Queens
11372,Queens,West Queens
11373,Queens,West Queens
11377,Queens,West Queens
11378,Queens,West Queens
10314,Staten Island,Mid-Island
10302,Staten Island,Port Richmond
10303,Staten Island,Port Richmond
10310,Staten Island,Port Richmond
10306,Staten Island,South Shore
10307,Staten Island,South Shore
10308,Staten Island,South Shore
10309,Staten Island,South Shore
10312,Staten Island,South Shore
10301,Staten Island,Stapleton and St. George
10304,Staten Island,Stapleton and St. George
10305,Staten Island,Stapleton and St. George
,,
,,
,,
,,
,,
,,
,,
,,
,,
,,
,,
,,
,,
,,
,,
,,
,,
,,
,,
,,
,,
,,
,,
,,
,,
,,
,,
,,
,,
,,
,,
,,
,,
,,
,,
,,
,,
,,
,,
,,
,,
,,
,,
,,
,,
,,
,,
,,
,,
,,
,,
,,
,,
,,
,,
,,
,,
,,
,,
,,
,,
,,
,,
,,
,,
,,
,,
,,
,,
,,
,,
,,
,,
,,
,,
,,
,,
,,
,,
,,
,,
,,
,,
,,
,,
,,
,,
,,
,,
,,
,,
,,
,,
,,
,,
,,
,,
,,
,,
,,
,,
,,
,,
,,
,,
,,
,,
,,
,,
,,
,,
,,
,,
,,
,,
,,
,,
,,
,,
,,
,,
,,
,,
,,
,,
,,
,,
,,
,,
,,
,,
,,
,,
,,
,,
,,
,,
,,
,,
,,
,,
,,
,,
,,
,,
,,
,,
,,
,,
,,
,,
,,
,,
,,
,,
,,
,,
,,
,,
,,
,,
,,
,,
,,
,,
,,
,,
,,
,,
,,
,,
,,
,,
,,
,,
,,
,,
,,
,,
,,
,,
,,
,,
,,
,,
,,
,,
,,
,,
,,
,,
,,
,,
,,
,,
,,
,,
,,
,,
,,
,,
,,
,,
,,
,,
,,
,,
,,
,,
,,
,,
,,
,,
,,
,,
,,
,,
,,
,,
,,
,,
,,
,,
,,
,,
,,
,,
,,
,,
,,
,,
,,
,,
,,
,,
,,
,,
,,
,,
,,
,,
,,
,,
,,
,,
,,
,,
,,
,,
,,
,,
,,
,,
,,
,,
,,
,,
,,
,,
,,
,,
,,
,,
,,
,,
,,
,,
,,
,,
,,
,,
,,
,,
,,
,,
,,
,,
,,
,,
,,
,,
,,
,,
,,
,,
,,
,,
,,
,,
,,
,,
,,
,,
,,
,,
,,
,,
,,
,,
,,
,,
,,
,,
,,
,,
,,
,,
,,
,,
,,
,,
,,
,,
,,
,,
,,
,,
,,
,,
,,
,,
,,
,,
,,
,,
,,
,,
,,
,,
,,
,,
,,
,,
,,
,,
,,
,,
,,
,,
,,
,,
,,
,,
,,
,,
,,
,,
,,
,,
,,
,,
,,
,,
,,
,,
,,
,,
,,
,,
,,
,,
,,
,,
,,
,,
,,
,,
,,
,,
,,
,,
,,
,,
,,
,,
,,
,,
,,
,,
,,
,,
,,
,,
,,
,,
,,
,,
,,
,,
,,
,,
,,
,,
,,
,,
,,
,,
,,
,,
,,
,,
,,
,,
,,
,,
,,
,,
,,
,,
,,
,,
,,
,,
,,
,,
,,
,,
,,
,,
,,
,,
,,
,,
,,
,,
,,
,,
,,
,,
,,
,,
,,
,,
,,
,,
,,
,,
,,
,,
,,
,,
,,
,,
,,
,,
,,
,,
,,
,,
,,
,,
,,
,,
,,
,,
,,
,,
,,
,,
,,
,,
,,
,,
,,
,,
,,
,,
,,
,,
,,
,,
,,
,,
,,
,,
,,
,,
,,
,,
,,
,,
,,
,,
,,
,,
,,
,,
,,
,,
,,
,,
,,
,,
,,
,,
,,
,,
,,
,,
,,
,,
,,
,,
,,
,,
,,
,,
,,
,,
,,
,,
,,
,,
,,
,,
,,
,,
,,
,,
,,
,,
,,
,,
,,
,,
,,
,,
,,
,,
,,
,,
,,
,,
,,
,,
,,
,,
,,
,,
,,
,,
,,
,,
,,
,,
,,
,,
,,
,,
,,
,,
,,
,,
,,
,,
,,
,,
,,
,,
,,
,,
,,
,,
,,
,,
,,
,,
,,
,,
,,
,,
,,
,,
,,
,,
,,
,,
,,
,,
,,
,,
,,
,,
,,
,,
,,
,,
,,
,,
,,
,,
,,
,,
,,
,,
,,
,,
,,
,,
,,
,,
,,
,,
,,
,,
,,
,,
,,
,,
,,
,,
,,
,,
,,
,,
,,
,,
,,
,,
,,
,,
,,
,,
,,
,,
,,
,,
,,
,,
,,
,,
,,
,,
,,
,,
,,
,,
,,
,,
,,
,,
,,
,,
,,
,,
,,
,,
,,
,,
,,
,,
,,
,,
,,
,,
,,
,,
,,
,,
,,
,,
,,
,,
,,
,,
,,
,,
,,
,,
,,
,,
,,
,,
,,
,,
,,
,,
,,
,,
,,
,,
,,
,,
,,
,,
,,
,,
,,
,,
,,
,,
,,
,,
,,
,,
,,
,,
,,
,,
,,
,,
,,
,,
,,
,,
,,
,,
,,
,,
,,
,,
,,
,,
,,
,,
,,
,,
,,
,,
,,
,,
,,
,,
,,
,,
,,
,,
,,
,,
,,
,,
,,
,,
,,
,,
,,
,,
,,
,,
,,
,,
,,
,,
,,
,,
,,
,,
,,
,,
,,
,,
,,
,,
,,
,,
,,
,,
,,
,,
,,
,,
,,
,,
,,
,,
,,
,,
,,
,,
,,
,,
,,
,,
,,
,,
,,
,,
,,
,,
,,
,,
,,
,,
,,
,,
,,
,,
,,
,,
,,
,,
,,
,,
,,
,,
,,
,,
,,
,,
,,
,,
,,
,,
,,
,,
,,
